First Last,First,Last,Company,Domain
Frank Gjata,Frank,Gjata,"Conscious Ink, Llc",www.consciousink.com
Amy Bryant,Amy,Bryant,Thinkwell Corporation,www.thinkwell.com
Clay Alexander,Clay,Alexander,"Ember Technologies, Inc.",www.embertech.com
Michael Carleton Callas,Michael,Callas,outdoor DIVAS,www.outdoordivas.com
Nimet Degirmencioglu,Nimet,Degirmencioglu,Eco Artisan Corp,www.sohamdave.com
Kevin Escalera,Kevin,Escalera,RSP Nutrition,www.rspnutrition.com
Elizabeth Patridge,Elizabeth,Patridge,Glamour Farms Boutique,www.glamourfarms.com
Elizabeth Alarik,Elizabeth,Alarik,"Grunt Style, Llc",www.gruntstyle.com
Victoria Kent,Victoria,Kent,G/Fore,www.gfore.com
Elizabeth Gazda,Elizabeth,Gazda,Embr Labs Inc.,www.embrlabs.com
Cass Kuzba,Cass,Kuzba,Deluxe HD Restorations,www.deluxehdrestorations.com
Sarah Gibson Tuttle,Sarah,Tuttle,"Olive&June, Llc",www.olivejune.com
Ivan Plucci,Ivan,Plucci,Granite Republic LLC,www.graniterepublic.com
Naomi Wagner,Naomi,Wagner,Bonehead Composites,www.boneheadcomposites.com
Racheal Bush Hubarth,Racheal,Hubarth,Swiftwick,www.swiftwick.com
Bill Romanowski,Bill,Romanowski,"Nutrition53, Inc.",www.nutrition53.com
Patrick Reiner,Patrick,Reiner,American Bag Company,www.hotcoldbags.com
Jason Najem,Jason,Najem,Bambi Baby,www.bambibaby.com
Amy Cardile,Amy,Cardile,"Pevonia International, Inc.",www.pevonia.com
Jason Burrows,,,"Squatty Potty, LLC",www.squattypotty.com
