First Last,First,Last,Company,Domain
Michelle Barney,Michelle,Barney,Performance Diesel Inc.,www.pdidiesel.com
Travis Alexander,Travis,Alexander,Throne Watch Company,www.thronewatches.com
Jason Glime,Jason,Glime,Forza Sports,www.forzasports.com
Philippe Homsy,Philippe,Homsy,Butterfly Twists,www.butterflytwists.com
Jeremy Leach,Jeremy,Leach,"Modern Studio Equipment, Inc.",www.modernstudio.com
David Duffy,David,Duffy,DB Electrical,www.dbelectrical.com
Cesar Cruz,Cesar,Cruz,Sebastian Cruz Couture,www.sebastiancruzcouture.com
Ike Zekaria,Ike,Zekaria,"Windsor, Inc.",www.windsorstore.com
Paul Rosen,Paul,Rosen,Paromi Tea,www.paromi.com
Stu Foord,Stu,Foord,Caseco Inc.,www.caseco.ca
Harrison Suarez,Harrison,Suarez,Compass Coffee,www.compasscoffee.com
Hannah Tate,Hannah,Tate,Vital Proteins LLC,www.vitalproteins.com
Tony Martinez,Tony,Martinez,Knockaround,www.knockaround.com
Nick Pullano,Nick,Pullano,PetDoors.com,www.petdoors.com
Joanna Goodman,Joanna,Goodman,Au Lit Fine Linens,www.aulitfinelinens.com
Ron Vanausdoll,Ron,Vanausdoll,"Wizard Woodworks, Llc",www.wizardwoodworks.com
Bill Reibl,Bill,Reibl,fusionbrands,www.fusionbrands.com
Daniel Emerson,Daniel,Emerson,Light & Motion Industries,www.lightandmotion.com
Andy Serrano,Andy,Serrano,AME Fitness Equipment,www.amefitequipment.com
Adam Silver,,,New York Puzzle Company,www.newyorkpuzzlecompany.com
