First Last,First,Last,Company,Domain
Shane Araujo,Shane,Araujo,3BG Supply Co.,www.3bgsupply.com
Michael Citrone,Michael,Citrone,Global Fitness Inc,www.globalfitness.com
Marissa Webb,Marissa,Webb,Marissa Webb,www.marissa-webb.com
Anna Ruth Stork,Anna,Stork,Luminaid Lab Llc,www.luminaid.com
Charlie Mcginness,Charlie,Mcginness,Chattanooga Shoe Company,www.chattanoogashoe.com
Saul Cohen,Saul,Cohen,Necessary Clothing,www.necessaryclothing.com
Ido Leffler,Ido,Leffler,Yoobi,www.yoobi.com
Joseph David Angeleri,Joseph,Angeleri,Lone Wolf Paintball,www.lonewolfpaintball.com
David Gormley,David,Gormley,"Zephyr Graf-X, Inc.",www.zhats.com
Janell Hill Bridgett,Janell,Bridgett,RIP-IT Sports,www.ripit.com
Kenton Carruth,Kenton,Carruth,First Lite Llc,www.firstlite.com
Olivia Coflin,Olivia,Coflin,Project Social T,www.projectsocialt.com
Jason Hart,Jason,Hart,Marolina Outdoor Inc,www.marolina.com
Billy Fields,Billy,Fields,Cougar Chemical Co,www.cougarchemical.com
Joy Cafiero,Joy,Cafiero,Kala Brand Music Co,www.kalabrand.com
Melanie O'neil,Melanie,O'neil,"Rustic Marlin Designs, LLC",www.rusticmarlin.com
Kayla Kramer,Kayla,Kramer,Bitybean LLC,www.bitybean.com
Paul Hedrick,Paul,Hedrick,"Tecovas, Inc.",www.tecovasboots.com
William Parry,William,Parry,"TOCA Football, Inc.",www.tocafootball.com
Gregorio Hanimian,,,Luli Fama,www.lulifama.com
