First Last,First,Last,Company,Domain
Margarita Druker,Margarita,Druker,Persona Jewelry,www.personastyle.com
Clare Vivier,Clare,Vivier,Clare V.,www.clarev.com
Kirsten Nieman,Kirsten,Nieman,Schoolhouse Electric Co.,www.schoolhouseelectric.com
Dana Swearengin,Dana,Swearengin,"Range Kleen Manufacturing, Inc.",www.rangekleen.com
Suzi Noelle Johnson,Suzi,Johnson,"Souchi, Inc.",www.souchi.com
Johnpaul Simonet,Johnpaul,Simonet,Five Star Guitars,www.fivestarguitars.com
Allie Bennett,Allie,Bennett,"Moji, Inc.",www.gomoji.com
Mike Maher,Mike,Maher,Taylor Stitch,www.taylorstitch.com
Fiona Stanton,Fiona,Stanton,Lintbells Ltd,www.lintbells.com
James Cox,James,Cox,Method Seven,www.methodseven.com
Brittany Hovey,Brittany,Hovey,Creator Designs,www.creatordesigns.com
Andy Lam,Andy,Lam,Crossrope LLC,www.crossrope.com
Robin Offner,Robin,Offner,Bad Boy Brands International,www.badboy.com
Paul Stuart,Paul,Stuart,Bees,www.shopbees.com
Tim Tucker,Tim,Tucker,"Air Engineering, Inc.",www.airengineering.com
Daniel Pizza,Daniel,Pizza,Drake Powderworks LLC,www.dpsskis.com
Michael Bartovsky,Michael,Bartovsky,Cayley Enterprises Inc.,www.worldwidecyclery.com
Daniel Wei Chen Hong,Daniel,Hong,Mocacare,www.mocacare.com
Daniel Lee,Daniel,Lee,"310 Nutrition, LLC",www.310nutrition.com
Mike Wuollett,,,"Protégé Biomedical, LLC",www.protegebiomedical.com
