First Last,First,Last,Company,Domain
George Grossman,George,Grossman,"Happy Lucky's, LLC",www.happyluckys.com
Angie Hester Cook,Angie,Cook,Hester & Cook Design Group,www.hesterandcook.com
Dan Tichenor,Dan,Tichenor,Premier Window Fashions,www.premierwindowfashions.com
Emma Wooley,Emma,Wooley,"Loeffler Randall, Inc.",www.loefflerrandall.com
Sasha Der Avanessian,Sasha,Avanessian,"Harvest Dental Products, Llc",www.harvestdental.com
Kevin Pritchett,Kevin,Pritchett,King's Camo,www.kingscamo.com
Rayna Salcido Alvarez,Rayna,Alvarez,Sealed With A Kiss Designs,www.swakdesigns.com
Katy Gross,Katy,Gross,For Love And Lemons,www.forloveandlemons.com
Justin Kowbel,Justin,Kowbel,Borough Kitchen,www.boroughkitchen.com
Robert Alan Lowe,Robert,Lowe,Wellspring,www.wellspringgift.com
Amitha Verma,Amitha,Verma,Amitha Verma Llc,www.amithaverma.com
Sean Gillespie,Sean,Gillespie,"Muscle Feast, LLC",www.musclefeast.com
Ronen Jehezkel,Ronen,Jehezkel,Parke and Ronen,www.parkeandronen.com
Michael Uttaro,Michael,Uttaro,Toss Designs,www.tossdesigns.com
Robert Behnke,Robert,Behnke,Fair Indigo,www.fairindigo.com
Brian Faherty,Brian,Faherty,Schoolhouse Electric Co.,www.schoolhouseelectric.com
Eric Schaumburg,Eric,Schaumburg,Schaumburg Specialties LLC,www.shopcraftracks.com
Jesse Burnett,Jesse,Burnett,Tkees,www.tkees.com
Nick Martin,Nick,Martin,"The Pro's Closet, Inc.",www.theproscloset.com
Chuck Pack,,,"Normal Brand, LLC",www.thenormalbrand.com
