First Last,First,Last,Company,Domain
Shannon Hall,Shannon,Hall,Sloan/Hall,www.sloanhall.com
Stacey King,Stacey,King,Kanga Care Llc,www.kangacare.com
Dorothy Munduruca,Dorothy,Munduruca,FightersMarket.com,www.fightersmarket.com
Jess Clarke,Jess,Clarke,Miracle of Aloe,www.miracleofaloe.com
Al Hoodwin,Al,Hoodwin,Michigan City Paper Box Company,www.buyabox.com
Lori Mulligan,Lori,Mulligan,Courts of Red Bank,www.pureinventions.com
Sean Panton,Sean,Panton,Vitruvi,www.vitruvi.com
Bodyfx Nz,Bodyfx,Nz,BodyFX,www.bodyfx.co.nz
Jo Naughton,Jo,Naughton,Lights4fun,www.lights4fun.co.uk
Wombi Rose,Wombi,Rose,"LovePop, Inc.",www.lovepopcards.com
Wendy Strgar,Wendy,Strgar,"Good Clean Love, Inc.",www.goodcleanlove.com
Adam Tishman,Adam,Tishman,"Helix Sleep, Inc.",www.helixsleep.com
Paul Sullivan,Paul,Sullivan,"Rack Outfitters, LLC",www.rackoutfitters.com
Tyson Schneider,Tyson,Schneider,"Comic Central, Inc.",www.comic-central.com
Scott Tannen,Scott,Tannen,Boll & Branch LLC,www.bollandbranch.com
Sunny Chadha,Sunny,Chadha,Venus Et Fleur,www.venusetfleur.com
Ryan Carlson,Ryan,Carlson,Twin Six,www.twinsix.com
Peggy Lu,Peggy,Lu,The Sill,www.thesill.com
Luis Garcia,Luis,Garcia,GearclubDirect,www.gearclubdirect.com
David Binns,,,Aurora Shoe Company,www.aurorashoeco.com
