First Last,First,Last,Company,Domain
Stephen Grear,Stephen,Grear,Reshoevn8r,www.reshoevn8r.com
Casey Balding,Casey,Balding,"Ferreus Industries, Inc.",www.ferreusmfg.com
Michael Kuech,Michael,Kuech,Your Superfoods B.V.,www.yoursuperfoods.eu
Vance Zahorski,Vance,Zahorski,"Line Cutterz, LLC",www.linecutterz.com
Sean Hacking,Sean,Hacking,Veer,www.veercycle.com
Lily Anne,Lily,Anne,Wild Minimalist,www.wildminimalist.com
Chris Pan,Chris,Pan,MyIntent.org,www.myintent.org
Marvin Morgan,Marvin,Morgan,Fresh Ego Kid,www.freshegokid.com
Sean Kelly,Sean,Kelly,RARI Nutrition,www.rarinutrition.com
Monica Ford,Monica,Ford,Hamptons House,www.hamptonshouse.com.au
Jeremy Michael Cohen,Jeremy,Cohen,Tortuga Backpacks,www.tortugabackpacks.com
Matt Schroeder,Matt,Schroeder,"Shelly Cove, LLC",www.shellycove.com
Yanal Dhailieh,Yanal,Dhailieh,Peace Collective,www.peace-collective.com
Dutch Cramblitt,Dutch,Cramblitt,"Omnivore Entertainment Group, Llc",www.omnivorerecordings.com
Richard Dybdahl,Richard,Dybdahl,Pure Cycles,www.purecycles.com
Melissa Horvath,Melissa,Horvath,"Sweet Water Decor, LLC",www.sweetwaterdecor.com
Joseph Meehan,Joseph,Meehan,"Fitzgerald Fishing, Llc",www.fitzgeraldrods.com
Rafael Silveira,Rafael,Silveira,Best Bronze,www.bestbronze.com.br
Kyber Logue,Kyber,Logue,LighterBro® MultiTool,www.lighterbro.com
Jerial Tan,,,Visual Mass,www.visualmass.co
