First Last,First,Last,Company,Domain
Sagan Schultz,Sagan,Schultz,WellWell,www.drinkwellwell.com
Bob Hertig,Bob,Hertig,U-Turn Audio,www.uturnaudio.com
Max Cameron,Max,Cameron,Wild Minimalist,www.wildminimalist.com
Natasha Vora,Natasha,Vora,The Railway Collective,www.therailwaycollective.com
Motoo Noda,Motoo,Noda,Banks Journal,www.banksjournal.com
Ted Chapman,Ted,Chapman,Go All Day,www.goallday.com
Sander Van Der Haar,Sander,Haar,Spell l Tech Furniture,www.spell-online.com
Kristin Herrmann,Kristin,Herrmann,Harvest Natural Beauty,www.harvestnaturalbeauty.com
Coeli Hilferty,Coeli,Hilferty,Pilot and Powell,www.pilotandpowell.com
Shona Joy,Shona,Joy,Shona Joy,www.shonajoy.com.au
Tobias Ekman,Tobias,Ekman,Happy Plugs,www.happyplugs.com
Jeremy Hanlin,Jeremy,Hanlin,Best Bud Bags,www.bestbudbags.com
Michael Whiteley,Michael,Whiteley,Bear Butt,www.bearbuttteam.com
Simon Whitaker,Simon,Whitaker,Master Debonair,www.masterdebonair.com
Justin Tomney,Justin,Tomney,Ultra Bright Lightz,www.ultrabrightlightz.com
Tanya Franco,Tanya,Franco,Via Strozzi,www.viastrozzi.com
Jaime Ruchman,Jaime,Ruchman,Positive Grid,www.positivegrid.com
Dan English,Dan,English,Voormi,www.voormi.com
Mary Mccann,Mary,Mccann,Sprinly,www.sprinly.com
Chris Bosco,,,RARI Nutrition,www.rarinutrition.com
